{
	"class_name" : "PinholeCameraParameters",
	"extrinsic" : 
	[
		0.78847212881173645,
		0.042788928309251684,
		-0.61358032049702693,
		0.0,
		-0.045177457116101306,
		-0.99085369640864229,
		-0.12715325273799713,
		0.0,
		-0.61340908002377292,
		0.12797679448820348,
		-0.77932742837456503,
		0.0,
		-0.030523114042887656,
		0.19272067379862895,
		0.99980518498630699,
		1.0
	],
	"intrinsic" : 
	{
		"height" : 480,
		"intrinsic_matrix" : 
		[
			415.69219381653056,
			0.0,
			0.0,
			0.0,
			415.69219381653056,
			0.0,
			319.5,
			239.5,
			1.0
		],
		"width" : 640
	},
	"version_major" : 1,
	"version_minor" : 0
}